model_name,f1-score on class 0 (Clear),f1-score on class 1 (Clouds),f1-score on class 2 (Rain),f1-score on class 3 (Snow),train_accuracy,test_accuracy
Random Forest,0.9981412639405204,0.9814143775569841,0.8749999999999999,0.4533333333333333,1.0,0.9649528553638143
RandomForest + XGB + CatBoost,0.9981412639405204,0.9798297773114143,0.8695652173913043,0.4788732394366197,0.9995030592912383,0.9635296210638676
Cat Boosting,0.9981412639405204,0.9798344795430703,0.867151354923992,0.4594594594594595,0.9961797683013945,0.9629959082013877
Extreme Gradient Boosting,0.9981412639405204,0.977550308247063,0.8592394929953302,0.4857142857142858,0.9997825884399167,0.9606831524639744
