model_name,f1-score on class 0 (Clear),f1-score on class 1 (Clouds),f1-score on class 2 (Rain),f1-score on class 3 (Snow),accuracy
RandomForest + XGB + CatBoost,0.9991173874669019,0.9873134328358208,0.9551845342706502,0.8993288590604027,0.9816770186335404
Random Forest,0.9991173874669019,0.9865537848605579,0.9549234135667397,0.8956228956228957,0.981055900621118
Extreme Gradient Boosting,0.9991173874669019,0.9870871616588031,0.9517485613103144,0.8770764119601329,0.9804347826086957
Cat Boosting,0.9995588883987649,0.9858455425875341,0.9518338488731771,0.8918918918918918,0.9801242236024845
Gradient Boosting,0.9991173874669019,0.9833936821076289,0.9433145824318476,0.8639455782312925,0.9762422360248447
Decision Tree,0.9991173874669019,0.9789538461538462,0.9229366165070679,0.8581081081081081,0.9701863354037267
Logistic Regression,0.9912510936132983,0.9689272503082614,0.8901996370235935,0.8214285714285714,0.9562111801242236
K Nearest Neighbors,0.885002186270223,0.9446294240966827,0.9143897996357012,0.7986111111111112,0.9256211180124223
Naive Bayes,0.8206245461147421,0.8714822980158216,0.6911764705882353,0.44513137557959814,0.8144409937888198
